[{"model": "PremierLeague.teamstatistic", "pk": 1, "fields": {"position": 1, "total_matches": 38, "wins": 27, "draws": 5, "losses": 6, "goal_for": 83, "goal_against": 32, "point": 86}}, {"model": "PremierLeague.teamstatistic", "pk": 2, "fields": {"position": 1, "total_matches": 19, "wins": 13, "draws": 2, "losses": 4, "goal_for": 43, "goal_against": 17, "point": 41}}, {"model": "PremierLeague.teamstatistic", "pk": 3, "fields": {"position": 1, "total_matches": 19, "wins": 14, "draws": 3, "losses": 2, "goal_for": 40, "goal_against": 15, "point": 45}}, {"model": "PremierLeague.teamstatistic", "pk": 4, "fields": {"position": 2, "total_matches": 38, "wins": 21, "draws": 11, "losses": 6, "goal_for": 73, "goal_against": 44, "point": 74}}, {"model": "PremierLeague.teamstatistic", "pk": 5, "fields": {"position": 6, "total_matches": 19, "wins": 9, "draws": 4, "losses": 6, "goal_for": 38, "goal_against": 28, "point": 31}}, {"model": "PremierLeague.teamstatistic", "pk": 6, "fields": {"position": 2, "total_matches": 19, "wins": 12, "draws": 7, "losses": 0, "goal_for": 35, "goal_against": 16, "point": 43}}, {"model": "PremierLeague.teamstatistic", "pk": 7, "fields": {"position": 3, "total_matches": 38, "wins": 20, "draws": 9, "losses": 9, "goal_for": 68, "goal_against": 42, "point": 69}}, {"model": "PremierLeague.teamstatistic", "pk": 8, "fields": {"position": 5, "total_matches": 19, "wins": 10, "draws": 3, "losses": 6, "goal_for": 29, "goal_against": 20, "point": 33}}, {"model": "PremierLeague.teamstatistic", "pk": 9, "fields": {"position": 5, "total_matches": 19, "wins": 10, "draws": 6, "losses": 3, "goal_for": 39, "goal_against": 22, "point": 36}}, {"model": "PremierLeague.teamstatistic", "pk": 10, "fields": {"position": 4, "total_matches": 38, "wins": 19, "draws": 10, "losses": 9, "goal_for": 58, "goal_against": 36, "point": 67}}, {"model": "PremierLeague.teamstatistic", "pk": 11, "fields": {"position": 4, "total_matches": 19, "wins": 9, "draws": 6, "losses": 4, "goal_for": 31, "goal_against": 18, "point": 33}}, {"model": "PremierLeague.teamstatistic", "pk": 12, "fields": {"position": 6, "total_matches": 19, "wins": 10, "draws": 4, "losses": 5, "goal_for": 27, "goal_against": 18, "point": 34}}, {"model": "PremierLeague.teamstatistic", "pk": 13, "fields": {"position": 5, "total_matches": 38, "wins": 20, "draws": 6, "losses": 12, "goal_for": 68, "goal_against": 50, "point": 66}}, {"model": "PremierLeague.teamstatistic", "pk": 14, "fields": {"position": 8, "total_matches": 19, "wins": 9, "draws": 1, "losses": 9, "goal_for": 34, "goal_against": 30, "point": 28}}, {"model": "PremierLeague.teamstatistic", "pk": 15, "fields": {"position": 3, "total_matches": 19, "wins": 11, "draws": 5, "losses": 3, "goal_for": 34, "goal_against": 20, "point": 38}}, {"model": "PremierLeague.teamstatistic", "pk": 16, "fields": {"position": 6, "total_matches": 38, "wins": 19, "draws": 8, "losses": 11, "goal_for": 62, "goal_against": 47, "point": 65}}, {"model": "PremierLeague.teamstatistic", "pk": 17, "fields": {"position": 2, "total_matches": 19, "wins": 10, "draws": 4, "losses": 5, "goal_for": 32, "goal_against": 22, "point": 34}}, {"model": "PremierLeague.teamstatistic", "pk": 18, "fields": {"position": 8, "total_matches": 19, "wins": 9, "draws": 4, "losses": 6, "goal_for": 30, "goal_against": 25, "point": 31}}, {"model": "PremierLeague.teamstatistic", "pk": 19, "fields": {"position": 7, "total_matches": 38, "wins": 18, "draws": 8, "losses": 12, "goal_for": 68, "goal_against": 45, "point": 62}}, {"model": "PremierLeague.teamstatistic", "pk": 20, "fields": {"position": 3, "total_matches": 19, "wins": 10, "draws": 3, "losses": 6, "goal_for": 35, "goal_against": 20, "point": 33}}, {"model": "PremierLeague.teamstatistic", "pk": 21, "fields": {"position": 11, "total_matches": 19, "wins": 8, "draws": 5, "losses": 6, "goal_for": 33, "goal_against": 25, "point": 29}}, {"model": "PremierLeague.teamstatistic", "pk": 22, "fields": {"position": 8, "total_matches": 38, "wins": 18, "draws": 7, "losses": 13, "goal_for": 55, "goal_against": 39, "point": 61}}, {"model": "PremierLeague.teamstatistic", "pk": 23, "fields": {"position": 9, "total_matches": 19, "wins": 8, "draws": 4, "losses": 7, "goal_for": 24, "goal_against": 21, "point": 28}}, {"model": "PremierLeague.teamstatistic", "pk": 24, "fields": {"position": 7, "total_matches": 19, "wins": 10, "draws": 3, "losses": 6, "goal_for": 31, "goal_against": 18, "point": 33}}, {"model": "PremierLeague.teamstatistic", "pk": 25, "fields": {"position": 9, "total_matches": 38, "wins": 18, "draws": 5, "losses": 15, "goal_for": 62, "goal_against": 54, "point": 59}}, {"model": "PremierLeague.teamstatistic", "pk": 26, "fields": {"position": 7, "total_matches": 19, "wins": 8, "draws": 5, "losses": 6, "goal_for": 28, "goal_against": 21, "point": 29}}, {"model": "PremierLeague.teamstatistic", "pk": 27, "fields": {"position": 10, "total_matches": 19, "wins": 10, "draws": 0, "losses": 9, "goal_for": 34, "goal_against": 33, "point": 30}}, {"model": "PremierLeague.teamstatistic", "pk": 28, "fields": {"position": 10, "total_matches": 38, "wins": 17, "draws": 8, "losses": 13, "goal_for": 47, "goal_against": 48, "point": 59}}, {"model": "PremierLeague.teamstatistic", "pk": 29, "fields": {"position": 15, "total_matches": 19, "wins": 6, "draws": 4, "losses": 9, "goal_for": 24, "goal_against": 28, "point": 22}}, {"model": "PremierLeague.teamstatistic", "pk": 30, "fields": {"position": 4, "total_matches": 19, "wins": 11, "draws": 4, "losses": 4, "goal_for": 23, "goal_against": 20, "point": 37}}, {"model": "PremierLeague.teamstatistic", "pk": 31, "fields": {"position": 11, "total_matches": 38, "wins": 16, "draws": 7, "losses": 15, "goal_for": 55, "goal_against": 46, "point": 55}}, {"model": "PremierLeague.teamstatistic", "pk": 32, "fields": {"position": 11, "total_matches": 19, "wins": 7, "draws": 4, "losses": 8, "goal_for": 29, "goal_against": 27, "point": 25}}, {"model": "PremierLeague.teamstatistic", "pk": 33, "fields": {"position": 9, "total_matches": 19, "wins": 9, "draws": 3, "losses": 7, "goal_for": 26, "goal_against": 19, "point": 30}}, {"model": "PremierLeague.teamstatistic", "pk": 34, "fields": {"position": 12, "total_matches": 38, "wins": 12, "draws": 9, "losses": 17, "goal_for": 46, "goal_against": 62, "point": 45}}, {"model": "PremierLeague.teamstatistic", "pk": 35, "fields": {"position": 13, "total_matches": 19, "wins": 6, "draws": 5, "losses": 8, "goal_for": 26, "goal_against": 33, "point": 23}}, {"model": "PremierLeague.teamstatistic", "pk": 36, "fields": {"position": 12, "total_matches": 19, "wins": 6, "draws": 4, "losses": 9, "goal_for": 20, "goal_against": 29, "point": 22}}, {"model": "PremierLeague.teamstatistic", "pk": 37, "fields": {"position": 13, "total_matches": 38, "wins": 12, "draws": 9, "losses": 17, "goal_for": 36, "goal_against": 52, "point": 45}}, {"model": "PremierLeague.teamstatistic", "pk": 38, "fields": {"position": 12, "total_matches": 19, "wins": 7, "draws": 4, "losses": 8, "goal_for": 21, "goal_against": 25, "point": 25}}, {"model": "PremierLeague.teamstatistic", "pk": 39, "fields": {"position": 16, "total_matches": 19, "wins": 5, "draws": 5, "losses": 9, "goal_for": 15, "goal_against": 27, "point": 20}}, {"model": "PremierLeague.teamstatistic", "pk": 40, "fields": {"position": 14, "total_matches": 38, "wins": 12, "draws": 8, "losses": 18, "goal_for": 41, "goal_against": 66, "point": 44}}, {"model": "PremierLeague.teamstatistic", "pk": 41, "fields": {"position": 14, "total_matches": 19, "wins": 6, "draws": 5, "losses": 8, "goal_for": 20, "goal_against": 32, "point": 23}}, {"model": "PremierLeague.teamstatistic", "pk": 42, "fields": {"position": 14, "total_matches": 19, "wins": 6, "draws": 3, "losses": 10, "goal_for": 21, "goal_against": 34, "point": 21}}, {"model": "PremierLeague.teamstatistic", "pk": 43, "fields": {"position": 15, "total_matches": 38, "wins": 12, "draws": 7, "losses": 19, "goal_for": 47, "goal_against": 68, "point": 43}}, {"model": "PremierLeague.teamstatistic", "pk": 44, "fields": {"position": 10, "total_matches": 19, "wins": 8, "draws": 3, "losses": 8, "goal_for": 28, "goal_against": 25, "point": 27}}, {"model": "PremierLeague.teamstatistic", "pk": 45, "fields": {"position": 18, "total_matches": 19, "wins": 4, "draws": 4, "losses": 11, "goal_for": 19, "goal_against": 43, "point": 16}}, {"model": "PremierLeague.teamstatistic", "pk": 46, "fields": {"position": 16, "total_matches": 38, "wins": 9, "draws": 14, "losses": 15, "goal_for": 40, "goal_against": 46, "point": 41}}, {"model": "PremierLeague.teamstatistic", "pk": 47, "fields": {"position": 16, "total_matches": 19, "wins": 4, "draws": 9, "losses": 6, "goal_for": 22, "goal_against": 22, "point": 21}}, {"model": "PremierLeague.teamstatistic", "pk": 48, "fields": {"position": 15, "total_matches": 19, "wins": 5, "draws": 5, "losses": 9, "goal_for": 18, "goal_against": 24, "point": 20}}, {"model": "PremierLeague.teamstatistic", "pk": 49, "fields": {"position": 17, "total_matches": 38, "wins": 10, "draws": 9, "losses": 19, "goal_for": 33, "goal_against": 55, "point": 39}}, {"model": "PremierLeague.teamstatistic", "pk": 50, "fields": {"position": 17, "total_matches": 19, "wins": 4, "draws": 6, "losses": 9, "goal_for": 14, "goal_against": 27, "point": 18}}, {"model": "PremierLeague.teamstatistic", "pk": 51, "fields": {"position": 13, "total_matches": 19, "wins": 6, "draws": 3, "losses": 10, "goal_for": 19, "goal_against": 28, "point": 21}}, {"model": "PremierLeague.teamstatistic", "pk": 52, "fields": {"position": 18, "total_matches": 38, "wins": 5, "draws": 13, "losses": 20, "goal_for": 27, "goal_against": 53, "point": 28}}, {"model": "PremierLeague.teamstatistic", "pk": 53, "fields": {"position": 20, "total_matches": 19, "wins": 2, "draws": 4, "losses": 13, "goal_for": 9, "goal_against": 28, "point": 10}}, {"model": "PremierLeague.teamstatistic", "pk": 54, "fields": {"position": 17, "total_matches": 19, "wins": 3, "draws": 9, "losses": 7, "goal_for": 18, "goal_against": 25, "point": 18}}, {"model": "PremierLeague.teamstatistic", "pk": 55, "fields": {"position": 19, "total_matches": 38, "wins": 5, "draws": 11, "losses": 22, "goal_for": 35, "goal_against": 76, "point": 26}}, {"model": "PremierLeague.teamstatistic", "pk": 56, "fields": {"position": 19, "total_matches": 19, "wins": 3, "draws": 6, "losses": 10, "goal_for": 15, "goal_against": 39, "point": 15}}, {"model": "PremierLeague.teamstatistic", "pk": 57, "fields": {"position": 19, "total_matches": 19, "wins": 2, "draws": 5, "losses": 12, "goal_for": 20, "goal_against": 37, "point": 11}}, {"model": "PremierLeague.teamstatistic", "pk": 58, "fields": {"position": 20, "total_matches": 38, "wins": 7, "draws": 2, "losses": 29, "goal_for": 20, "goal_against": 63, "point": 23}}, {"model": "PremierLeague.teamstatistic", "pk": 59, "fields": {"position": 18, "total_matches": 19, "wins": 5, "draws": 1, "losses": 13, "goal_for": 12, "goal_against": 27, "point": 16}}, {"model": "PremierLeague.teamstatistic", "pk": 60, "fields": {"position": 20, "total_matches": 19, "wins": 2, "draws": 1, "losses": 16, "goal_for": 8, "goal_against": 36, "point": 7}}, {"model": "PremierLeague.team", "pk": 1, "fields": {"name": "Manchester City", "location": "Manchester, England", "email_address": "mancity@mancity.com", "logo_url": "mancity.png", "overall_statistic": 1, "home_statistic": 2, "away_statistic": 3}}, {"model": "PremierLeague.team", "pk": 2, "fields": {"name": "Manchester United", "location": "Manchester, England", "email_address": "manutd@manutd.com", "logo_url": "manutd.png", "overall_statistic": 4, "home_statistic": 5, "away_statistic": 6}}, {"model": "PremierLeague.team", "pk": 3, "fields": {"name": "Liverpool", "location": "Liverpool, England", "email_address": "liverpool@liverpool.com", "logo_url": "liverpool.png", "overall_statistic": 7, "home_statistic": 8, "away_statistic": 9}}, {"model": "PremierLeague.team", "pk": 4, "fields": {"name": "Chelsea", "location": "London, England", "email_address": "chelsea@chelsea.com", "logo_url": "chelsea.png", "overall_statistic": 10, "home_statistic": 11, "away_statistic": 12}}, {"model": "PremierLeague.team", "pk": 5, "fields": {"name": "Leicester", "location": "Leicester, England", "email_address": "leicestercity@leicestercity.com", "logo_url": "leicestercity.png", "overall_statistic": 13, "home_statistic": 14, "away_statistic": 15}}, {"model": "PremierLeague.team", "pk": 6, "fields": {"name": "West Ham", "location": "London, England", "email_address": "westham@westham.com", "logo_url": "westham.png", "overall_statistic": 16, "home_statistic": 17, "away_statistic": 18}}, {"model": "PremierLeague.team", "pk": 7, "fields": {"name": "Tottenham", "location": "London, England", "email_address": "tottenham@tottenham.com", "logo_url": "tottenham.png", "overall_statistic": 19, "home_statistic": 20, "away_statistic": 21}}, {"model": "PremierLeague.team", "pk": 8, "fields": {"name": "Arsenal", "location": "London, England", "email_address": "arsenal@arsenal.com", "logo_url": "arsenal.png", "overall_statistic": 22, "home_statistic": 23, "away_statistic": 24}}, {"model": "PremierLeague.team", "pk": 9, "fields": {"name": "Leeds", "location": "Leeds, England", "email_address": "leedsutd@leedsutd.com", "logo_url": "leedsutd.png", "overall_statistic": 25, "home_statistic": 26, "away_statistic": 27}}, {"model": "PremierLeague.team", "pk": 10, "fields": {"name": "Everton", "location": "Liverpool, England", "email_address": "everton@everton.com", "logo_url": "everton.png", "overall_statistic": 28, "home_statistic": 29, "away_statistic": 30}}, {"model": "PremierLeague.team", "pk": 11, "fields": {"name": "Aston Villa", "location": "Birmingham, England", "email_address": "astonvilla@astonvilla.com", "logo_url": "astonvilla.png", "overall_statistic": 31, "home_statistic": 32, "away_statistic": 33}}, {"model": "PremierLeague.team", "pk": 12, "fields": {"name": "Newcastle United", "location": "Newcastle upon Tyne, England", "email_address": "newcastle@newcastle.com", "logo_url": "newcastle.png", "overall_statistic": 34, "home_statistic": 35, "away_statistic": 36}}, {"model": "PremierLeague.team", "pk": 13, "fields": {"name": "Wolverhampton Wanderers", "location": "Wolverhampton, England", "email_address": "wolves@wolves.com", "logo_url": "wolves.png", "overall_statistic": 37, "home_statistic": 38, "away_statistic": 39}}, {"model": "PremierLeague.team", "pk": 14, "fields": {"name": "Crystal Palace", "location": "London, England", "email_address": "crystalpalace@crystalpalace.com", "logo_url": "crystalpalace.png", "overall_statistic": 40, "home_statistic": 41, "away_statistic": 42}}, {"model": "PremierLeague.team", "pk": 15, "fields": {"name": "Southampton", "location": "Southampton, England", "email_address": "southampton@southampton.com", "logo_url": "southampton.png", "overall_statistic": 43, "home_statistic": 44, "away_statistic": 45}}, {"model": "PremierLeague.team", "pk": 16, "fields": {"name": "Brighton", "location": "Brighton & Hove, England", "email_address": "brighton@brighton.com", "logo_url": "brighton.png", "overall_statistic": 46, "home_statistic": 47, "away_statistic": 48}}, {"model": "PremierLeague.team", "pk": 17, "fields": {"name": "Burnley", "location": "Burnley, England", "email_address": "burnley@burnley.com", "logo_url": "burnley.png", "overall_statistic": 49, "home_statistic": 50, "away_statistic": 51}}, {"model": "PremierLeague.team", "pk": 18, "fields": {"name": "Fulham", "location": "London, England", "email_address": "fulham@fulham.com", "logo_url": "fulham.png", "overall_statistic": 52, "home_statistic": 53, "away_statistic": 54}}, {"model": "PremierLeague.team", "pk": 19, "fields": {"name": "West Bromwich Albion", "location": "West Bromwich, England", "email_address": "westbrom@westbrom.com", "logo_url": "westbrom.png", "overall_statistic": 55, "home_statistic": 56, "away_statistic": 57}}, {"model": "PremierLeague.team", "pk": 20, "fields": {"name": "Sheffield United", "location": "Sheffield, Yorkshire, England", "email_address": "sheffieldutd@sheffieldutd.com", "logo_url": "sheffieldutd.png", "overall_statistic": 58, "home_statistic": 59, "away_statistic": 60}}, {"model": "PremierLeague.matchresult", "pk": 1, "fields": {"home_team_halftime_goal": 0, "away_team_halftime_goal": 1, "home_team_goal": 0, "away_team_goal": 3}}, {"model": "PremierLeague.matchresult", "pk": 2, "fields": {"home_team_halftime_goal": 1, "away_team_halftime_goal": 0, "home_team_goal": 1, "away_team_goal": 0}}, {"model": "PremierLeague.matchresult", "pk": 3, "fields": {"home_team_halftime_goal": 3, "away_team_halftime_goal": 2, "home_team_goal": 4, "away_team_goal": 3}}, {"model": "PremierLeague.matchresult", "pk": 4, "fields": {"home_team_halftime_goal": 0, "away_team_halftime_goal": 0, "home_team_goal": 0, "away_team_goal": 2}}, {"model": "PremierLeague.matchresult", "pk": 5, "fields": {"home_team_halftime_goal": 0, "away_team_halftime_goal": 0, "home_team_goal": 0, "away_team_goal": 3}}, {"model": "PremierLeague.matchresult", "pk": 6, "fields": {"home_team_halftime_goal": 0, "away_team_halftime_goal": 0, "home_team_goal": 0, "away_team_goal": 1}}, {"model": "PremierLeague.matchresult", "pk": 7, "fields": {"home_team_halftime_goal": 0, "away_team_halftime_goal": 2, "home_team_goal": 0, "away_team_goal": 2}}, {"model": "PremierLeague.matchresult", "pk": 8, "fields": {"home_team_halftime_goal": 0, "away_team_halftime_goal": 1, "home_team_goal": 1, "away_team_goal": 3}}, {"model": "PremierLeague.matchresult", "pk": 9, "fields": {"home_team_halftime_goal": 2, "away_team_halftime_goal": 1, "home_team_goal": 5, "away_team_goal": 2}}, {"model": "PremierLeague.matchresult", "pk": 10, "fields": {"home_team_halftime_goal": 2, "away_team_halftime_goal": 1, "home_team_goal": 4, "away_team_goal": 3}}, {"model": "PremierLeague.matchresult", "pk": 11, "fields": {"home_team_halftime_goal": 0, "away_team_halftime_goal": 1, "home_team_goal": 1, "away_team_goal": 3}}, {"model": "PremierLeague.matchresult", "pk": 12, "fields": {"home_team_halftime_goal": 1, "away_team_halftime_goal": 1, "home_team_goal": 2, "away_team_goal": 1}}, {"model": "PremierLeague.matchresult", "pk": 13, "fields": {"home_team_halftime_goal": 1, "away_team_halftime_goal": 1, "home_team_goal": 2, "away_team_goal": 5}}, {"model": "PremierLeague.matchresult", "pk": 14, "fields": {"home_team_halftime_goal": 0, "away_team_halftime_goal": 2, "home_team_goal": 0, "away_team_goal": 3}}, {"model": "PremierLeague.matchresult", "pk": 15, "fields": {"home_team_halftime_goal": 0, "away_team_halftime_goal": 0, "home_team_goal": 0, "away_team_goal": 2}}, {"model": "PremierLeague.matchresult", "pk": 16, "fields": {"home_team_halftime_goal": 1, "away_team_halftime_goal": 1, "home_team_goal": 4, "away_team_goal": 2}}, {"model": "PremierLeague.matchresult", "pk": 17, "fields": {"home_team_halftime_goal": 0, "away_team_halftime_goal": 0, "home_team_goal": 1, "away_team_goal": 0}}, {"model": "PremierLeague.matchresult", "pk": 18, "fields": {"home_team_halftime_goal": 0, "away_team_halftime_goal": 2, "home_team_goal": 1, "away_team_goal": 3}}, {"model": "PremierLeague.matchresult", "pk": 19, "fields": {"home_team_halftime_goal": 1, "away_team_halftime_goal": 1, "home_team_goal": 2, "away_team_goal": 3}}, {"model": "PremierLeague.matchresult", "pk": 20, "fields": {"home_team_halftime_goal": 1, "away_team_halftime_goal": 2, "home_team_goal": 1, "away_team_goal": 2}}, {"model": "PremierLeague.matchresult", "pk": 21, "fields": {"home_team_halftime_goal": 3, "away_team_halftime_goal": 0, "home_team_goal": 3, "away_team_goal": 3}}, {"model": "PremierLeague.matchresult", "pk": 22, "fields": {"home_team_halftime_goal": 0, "away_team_halftime_goal": 1, "home_team_goal": 0, "away_team_goal": 1}}, {"model": "PremierLeague.matchresult", "pk": 23, "fields": {"home_team_halftime_goal": 0, "away_team_halftime_goal": 0, "home_team_goal": 0, "away_team_goal": 1}}, {"model": "PremierLeague.matchresult", "pk": 24, "fields": {"home_team_halftime_goal": 1, "away_team_halftime_goal": 0, "home_team_goal": 1, "away_team_goal": 1}}, {"model": "PremierLeague.matchresult", "pk": 25, "fields": {"home_team_halftime_goal": 1, "away_team_halftime_goal": 1, "home_team_goal": 2, "away_team_goal": 5}}, {"model": "PremierLeague.matchresult", "pk": 26, "fields": {"home_team_halftime_goal": 1, "away_team_halftime_goal": 0, "home_team_goal": 4, "away_team_goal": 0}}, {"model": "PremierLeague.matchresult", "pk": 27, "fields": {"home_team_halftime_goal": 0, "away_team_halftime_goal": 2, "home_team_goal": 0, "away_team_goal": 3}}, {"model": "PremierLeague.matchresult", "pk": 28, "fields": {"home_team_halftime_goal": 2, "away_team_halftime_goal": 1, "home_team_goal": 3, "away_team_goal": 1}}, {"model": "PremierLeague.matchresult", "pk": 29, "fields": {"home_team_halftime_goal": 0, "away_team_halftime_goal": 0, "home_team_goal": 4, "away_team_goal": 0}}, {"model": "PremierLeague.matchresult", "pk": 30, "fields": {"home_team_halftime_goal": 2, "away_team_halftime_goal": 1, "home_team_goal": 4, "away_team_goal": 2}}, {"model": "PremierLeague.matchresult", "pk": 31, "fields": {"home_team_halftime_goal": 0, "away_team_halftime_goal": 1, "home_team_goal": 1, "away_team_goal": 1}}, {"model": "PremierLeague.matchresult", "pk": 32, "fields": {"home_team_halftime_goal": 1, "away_team_halftime_goal": 0, "home_team_goal": 3, "away_team_goal": 1}}, {"model": "PremierLeague.matchresult", "pk": 33, "fields": {"home_team_halftime_goal": 1, "away_team_halftime_goal": 0, "home_team_goal": 2, "away_team_goal": 0}}, {"model": "PremierLeague.matchresult", "pk": 34, "fields": {"home_team_halftime_goal": 0, "away_team_halftime_goal": 2, "home_team_goal": 0, "away_team_goal": 3}}, {"model": "PremierLeague.matchresult", "pk": 35, "fields": {"home_team_halftime_goal": 0, "away_team_halftime_goal": 0, "home_team_goal": 1, "away_team_goal": 0}}, {"model": "PremierLeague.matchresult", "pk": 36, "fields": {"home_team_halftime_goal": 0, "away_team_halftime_goal": 0, "home_team_goal": 2, "away_team_goal": 1}}, {"model": "PremierLeague.matchresult", "pk": 37, "fields": {"home_team_halftime_goal": 1, "away_team_halftime_goal": 4, "home_team_goal": 1, "away_team_goal": 6}}, {"model": "PremierLeague.matchresult", "pk": 38, "fields": {"home_team_halftime_goal": 4, "away_team_halftime_goal": 1, "home_team_goal": 7, "away_team_goal": 2}}, {"model": "PremierLeague.matchresult", "pk": 39, "fields": {"home_team_halftime_goal": 1, "away_team_halftime_goal": 2, "home_team_goal": 2, "away_team_goal": 2}}, {"model": "PremierLeague.matchresult", "pk": 40, "fields": {"home_team_halftime_goal": 2, "away_team_halftime_goal": 1, "home_team_goal": 3, "away_team_goal": 3}}, {"model": "PremierLeague.matchresult", "pk": 41, "fields": {"home_team_halftime_goal": 1, "away_team_halftime_goal": 0, "home_team_goal": 1, "away_team_goal": 0}}, {"model": "PremierLeague.matchresult", "pk": 42, "fields": {"home_team_halftime_goal": 1, "away_team_halftime_goal": 1, "home_team_goal": 1, "away_team_goal": 4}}, {"model": "PremierLeague.matchresult", "pk": 43, "fields": {"home_team_halftime_goal": 0, "away_team_halftime_goal": 0, "home_team_goal": 1, "away_team_goal": 1}}, {"model": "PremierLeague.matchresult", "pk": 44, "fields": {"home_team_halftime_goal": 1, "away_team_halftime_goal": 0, "home_team_goal": 1, "away_team_goal": 1}}, {"model": "PremierLeague.matchresult", "pk": 45, "fields": {"home_team_halftime_goal": 3, "away_team_halftime_goal": 0, "home_team_goal": 3, "away_team_goal": 3}}, {"model": "PremierLeague.matchresult", "pk": 46, "fields": {"home_team_halftime_goal": 0, "away_team_halftime_goal": 0, "home_team_goal": 0, "away_team_goal": 1}}, {"model": "PremierLeague.matchresult", "pk": 47, "fields": {"home_team_halftime_goal": 0, "away_team_halftime_goal": 0, "home_team_goal": 0, "away_team_goal": 0}}, {"model": "PremierLeague.matchresult", "pk": 48, "fields": {"home_team_halftime_goal": 0, "away_team_halftime_goal": 0, "home_team_goal": 0, "away_team_goal": 1}}, {"model": "PremierLeague.matchresult", "pk": 49, "fields": {"home_team_halftime_goal": 0, "away_team_halftime_goal": 0, "home_team_goal": 0, "away_team_goal": 3}}, {"model": "PremierLeague.matchresult", "pk": 50, "fields": {"home_team_halftime_goal": 1, "away_team_halftime_goal": 0, "home_team_goal": 1, "away_team_goal": 1}}, {"model": "PremierLeague.matchresult", "pk": 51, "fields": {"home_team_halftime_goal": 0, "away_team_halftime_goal": 1, "home_team_goal": 1, "away_team_goal": 2}}, {"model": "PremierLeague.matchresult", "pk": 52, "fields": {"home_team_halftime_goal": 0, "away_team_halftime_goal": 0, "home_team_goal": 0, "away_team_goal": 0}}, {"model": "PremierLeague.matchresult", "pk": 53, "fields": {"home_team_halftime_goal": 1, "away_team_halftime_goal": 1, "home_team_goal": 2, "away_team_goal": 1}}, {"model": "PremierLeague.matchresult", "pk": 54, "fields": {"home_team_halftime_goal": 2, "away_team_halftime_goal": 0, "home_team_goal": 2, "away_team_goal": 0}}, {"model": "PremierLeague.matchresult", "pk": 55, "fields": {"home_team_halftime_goal": 0, "away_team_halftime_goal": 0, "home_team_goal": 1, "away_team_goal": 1}}, {"model": "PremierLeague.matchresult", "pk": 56, "fields": {"home_team_halftime_goal": 0, "away_team_halftime_goal": 0, "home_team_goal": 0, "away_team_goal": 1}}, {"model": "PremierLeague.matchresult", "pk": 57, "fields": {"home_team_halftime_goal": 1, "away_team_halftime_goal": 0, "home_team_goal": 1, "away_team_goal": 1}}, {"model": "PremierLeague.matchresult", "pk": 58, "fields": {"home_team_halftime_goal": 0, "away_team_halftime_goal": 0, "home_team_goal": 0, "away_team_goal": 1}}, {"model": "PremierLeague.matchresult", "pk": 59, "fields": {"home_team_halftime_goal": 2, "away_team_halftime_goal": 0, "home_team_goal": 2, "away_team_goal": 0}}, {"model": "PremierLeague.matchresult", "pk": 60, "fields": {"home_team_halftime_goal": 0, "away_team_halftime_goal": 1, "home_team_goal": 0, "away_team_goal": 1}}, {"model": "PremierLeague.matchresult", "pk": 61, "fields": {"home_team_halftime_goal": 0, "away_team_halftime_goal": 1, "home_team_goal": 0, "away_team_goal": 3}}, {"model": "PremierLeague.matchresult", "pk": 62, "fields": {"home_team_halftime_goal": 1, "away_team_halftime_goal": 1, "home_team_goal": 2, "away_team_goal": 1}}, {"model": "PremierLeague.matchstatistic", "pk": 1, "fields": {"open_play": 4, "set_piece": 1, "counter_attack": 0, "penalty": 0, "own_goal": 0}}, {"model": "PremierLeague.matchstatistic", "pk": 2, "fields": {"open_play": 8, "set_piece": 5, "counter_attack": 0, "penalty": 0, "own_goal": 0}}, {"model": "PremierLeague.matchstatistic", "pk": 3, "fields": {"open_play": 0, "set_piece": 3, "counter_attack": 2, "penalty": 0, "own_goal": 0}}, {"model": "PremierLeague.matchstatistic", "pk": 4, "fields": {"open_play": 5, "set_piece": 4, "counter_attack": 0, "penalty": 0, "own_goal": 0}}, {"model": "PremierLeague.matchstatistic", "pk": 5, "fields": {"open_play": 15, "set_piece": 4, "counter_attack": 1, "penalty": 2, "own_goal": 0}}, {"model": "PremierLeague.matchstatistic", "pk": 6, "fields": {"open_play": 5, "set_piece": 1, "counter_attack": 0, "penalty": 0, "own_goal": 0}}, {"model": "PremierLeague.matchstatistic", "pk": 7, "fields": {"open_play": 9, "set_piece": 5, "counter_attack": 1, "penalty": 0, "own_goal": 0}}, {"model": "PremierLeague.matchstatistic", "pk": 8, "fields": {"open_play": 11, "set_piece": 2, "counter_attack": 2, "penalty": 0, "own_goal": 0}}, {"model": "PremierLeague.matchstatistic", "pk": 9, "fields": {"open_play": 5, "set_piece": 2, "counter_attack": 0, "penalty": 0, "own_goal": 0}}, {"model": "PremierLeague.matchstatistic", "pk": 10, "fields": {"open_play": 7, "set_piece": 3, "counter_attack": 1, "penalty": 2, "own_goal": 0}}, {"model": "PremierLeague.matchstatistic", "pk": 11, "fields": {"open_play": 6, "set_piece": 2, "counter_attack": 1, "penalty": 0, "own_goal": 0}}, {"model": "PremierLeague.matchstatistic", "pk": 12, "fields": {"open_play": 14, "set_piece": 1, "counter_attack": 0, "penalty": 0, "own_goal": 0}}, {"model": "PremierLeague.matchstatistic", "pk": 13, "fields": {"open_play": 6, "set_piece": 3, "counter_attack": 0, "penalty": 0, "own_goal": 0}}, {"model": "PremierLeague.matchstatistic", "pk": 14, "fields": {"open_play": 4, "set_piece": 3, "counter_attack": 4, "penalty": 0, "own_goal": 0}}, {"model": "PremierLeague.matchstatistic", "pk": 15, "fields": {"open_play": 10, "set_piece": 3, "counter_attack": 0, "penalty": 0, "own_goal": 0}}, {"model": "PremierLeague.matchstatistic", "pk": 16, "fields": {"open_play": 5, "set_piece": 2, "counter_attack": 2, "penalty": 1, "own_goal": 0}}, {"model": "PremierLeague.matchstatistic", "pk": 17, "fields": {"open_play": 8, "set_piece": 9, "counter_attack": 0, "penalty": 0, "own_goal": 0}}, {"model": "PremierLeague.matchstatistic", "pk": 18, "fields": {"open_play": 4, "set_piece": 1, "counter_attack": 1, "penalty": 0, "own_goal": 0}}, {"model": "PremierLeague.matchstatistic", "pk": 19, "fields": {"open_play": 5, "set_piece": 4, "counter_attack": 0, "penalty": 1, "own_goal": 0}}, {"model": "PremierLeague.matchstatistic", "pk": 20, "fields": {"open_play": 10, "set_piece": 3, "counter_attack": 0, "penalty": 1, "own_goal": 0}}, {"model": "PremierLeague.matchstatistic", "pk": 21, "fields": {"open_play": 12, "set_piece": 5, "counter_attack": 0, "penalty": 0, "own_goal": 0}}, {"model": "PremierLeague.matchstatistic", "pk": 22, "fields": {"open_play": 10, "set_piece": 2, "counter_attack": 1, "penalty": 1, "own_goal": 0}}, {"model": "PremierLeague.matchstatistic", "pk": 23, "fields": {"open_play": 7, "set_piece": 0, "counter_attack": 0, "penalty": 0, "own_goal": 0}}, {"model": "PremierLeague.matchstatistic", "pk": 24, "fields": {"open_play": 10, "set_piece": 2, "counter_attack": 2, "penalty": 0, "own_goal": 0}}, {"model": "PremierLeague.matchstatistic", "pk": 25, "fields": {"open_play": 9, "set_piece": 4, "counter_attack": 0, "penalty": 1, "own_goal": 0}}, {"model": "PremierLeague.matchstatistic", "pk": 26, "fields": {"open_play": 7, "set_piece": 1, "counter_attack": 1, "penalty": 0, "own_goal": 0}}, {"model": "PremierLeague.matchstatistic", "pk": 27, "fields": {"open_play": 4, "set_piece": 2, "counter_attack": 0, "penalty": 0, "own_goal": 0}}, {"model": "PremierLeague.matchstatistic", "pk": 28, "fields": {"open_play": 10, "set_piece": 1, "counter_attack": 1, "penalty": 1, "own_goal": 0}}, {"model": "PremierLeague.matchstatistic", "pk": 29, "fields": {"open_play": 3, "set_piece": 1, "counter_attack": 0, "penalty": 1, "own_goal": 0}}, {"model": "PremierLeague.matchstatistic", "pk": 30, "fields": {"open_play": 13, "set_piece": 5, "counter_attack": 0, "penalty": 0, "own_goal": 0}}, {"model": "PremierLeague.matchstatistic", "pk": 31, "fields": {"open_play": 11, "set_piece": 3, "counter_attack": 0, "penalty": 0, "own_goal": 1}}, {"model": "PremierLeague.matchstatistic", "pk": 32, "fields": {"open_play": 10, "set_piece": 6, "counter_attack": 0, "penalty": 0, "own_goal": 0}}, {"model": "PremierLeague.matchstatistic", "pk": 33, "fields": {"open_play": 12, "set_piece": 5, "counter_attack": 1, "penalty": 0, "own_goal": 0}}, {"model": "PremierLeague.matchstatistic", "pk": 34, "fields": {"open_play": 1, "set_piece": 2, "counter_attack": 0, "penalty": 1, "own_goal": 0}}, {"model": "PremierLeague.matchstatistic", "pk": 35, "fields": {"open_play": 6, "set_piece": 3, "counter_attack": 1, "penalty": 0, "own_goal": 0}}, {"model": "PremierLeague.matchstatistic", "pk": 36, "fields": {"open_play": 9, "set_piece": 3, "counter_attack": 1, "penalty": 1, "own_goal": 0}}, {"model": "PremierLeague.matchstatistic", "pk": 37, "fields": {"open_play": 11, "set_piece": 5, "counter_attack": 1, "penalty": 1, "own_goal": 0}}, {"model": "PremierLeague.matchstatistic", "pk": 38, "fields": {"open_play": 2, "set_piece": 3, "counter_attack": 1, "penalty": 1, "own_goal": 1}}, {"model": "PremierLeague.matchstatistic", "pk": 39, "fields": {"open_play": 2, "set_piece": 6, "counter_attack": 0, "penalty": 0, "own_goal": 0}}, {"model": "PremierLeague.matchstatistic", "pk": 40, "fields": {"open_play": 5, "set_piece": 4, "counter_attack": 0, "penalty": 1, "own_goal": 0}}, {"model": "PremierLeague.matchstatistic", "pk": 41, "fields": {"open_play": 7, "set_piece": 2, "counter_attack": 0, "penalty": 0, "own_goal": 0}}, {"model": "PremierLeague.matchstatistic", "pk": 42, "fields": {"open_play": 18, "set_piece": 4, "counter_attack": 0, "penalty": 0, "own_goal": 0}}, {"model": "PremierLeague.matchstatistic", "pk": 43, "fields": {"open_play": 7, "set_piece": 3, "counter_attack": 0, "penalty": 0, "own_goal": 0}}, {"model": "PremierLeague.matchstatistic", "pk": 44, "fields": {"open_play": 4, "set_piece": 1, "counter_attack": 0, "penalty": 0, "own_goal": 0}}, {"model": "PremierLeague.matchstatistic", "pk": 45, "fields": {"open_play": 10, "set_piece": 3, "counter_attack": 1, "penalty": 0, "own_goal": 0}}, {"model": "PremierLeague.matchstatistic", "pk": 46, "fields": {"open_play": 13, "set_piece": 3, "counter_attack": 1, "penalty": 0, "own_goal": 0}}, {"model": "PremierLeague.matchstatistic", "pk": 47, "fields": {"open_play": 14, "set_piece": 9, "counter_attack": 0, "penalty": 0, "own_goal": 0}}, {"model": "PremierLeague.matchstatistic", "pk": 48, "fields": {"open_play": 2, "set_piece": 3, "counter_attack": 0, "penalty": 1, "own_goal": 0}}, {"model": "PremierLeague.matchstatistic", "pk": 49, "fields": {"open_play": 12, "set_piece": 4, "counter_attack": 0, "penalty": 0, "own_goal": 0}}, {"model": "PremierLeague.matchstatistic", "pk": 50, "fields": {"open_play": 4, "set_piece": 0, "counter_attack": 0, "penalty": 3, "own_goal": 0}}, {"model": "PremierLeague.matchstatistic", "pk": 51, "fields": {"open_play": 12, "set_piece": 3, "counter_attack": 0, "penalty": 0, "own_goal": 1}}, {"model": "PremierLeague.matchstatistic", "pk": 52, "fields": {"open_play": 9, "set_piece": 2, "counter_attack": 0, "penalty": 0, "own_goal": 0}}, {"model": "PremierLeague.matchstatistic", "pk": 53, "fields": {"open_play": 14, "set_piece": 2, "counter_attack": 0, "penalty": 0, "own_goal": 0}}, {"model": "PremierLeague.matchstatistic", "pk": 54, "fields": {"open_play": 8, "set_piece": 4, "counter_attack": 0, "penalty": 0, "own_goal": 0}}, {"model": "PremierLeague.matchstatistic", "pk": 55, "fields": {"open_play": 16, "set_piece": 4, "counter_attack": 1, "penalty": 0, "own_goal": 0}}, {"model": "PremierLeague.matchstatistic", "pk": 56, "fields": {"open_play": 4, "set_piece": 0, "counter_attack": 0, "penalty": 0, "own_goal": 0}}, {"model": "PremierLeague.matchstatistic", "pk": 57, "fields": {"open_play": 10, "set_piece": 4, "counter_attack": 1, "penalty": 2, "own_goal": 0}}, {"model": "PremierLeague.matchstatistic", "pk": 58, "fields": {"open_play": 3, "set_piece": 1, "counter_attack": 0, "penalty": 0, "own_goal": 0}}, {"model": "PremierLeague.matchstatistic", "pk": 59, "fields": {"open_play": 9, "set_piece": 2, "counter_attack": 0, "penalty": 0, "own_goal": 0}}, {"model": "PremierLeague.matchstatistic", "pk": 60, "fields": {"open_play": 9, "set_piece": 2, "counter_attack": 0, "penalty": 0, "own_goal": 0}}, {"model": "PremierLeague.matchstatistic", "pk": 61, "fields": {"open_play": 11, "set_piece": 1, "counter_attack": 0, "penalty": 0, "own_goal": 0}}, {"model": "PremierLeague.matchstatistic", "pk": 62, "fields": {"open_play": 19, "set_piece": 4, "counter_attack": 0, "penalty": 0, "own_goal": 0}}, {"model": "PremierLeague.matchstatistic", "pk": 63, "fields": {"open_play": 9, "set_piece": 0, "counter_attack": 0, "penalty": 1, "own_goal": 0}}, {"model": "PremierLeague.matchstatistic", "pk": 64, "fields": {"open_play": 3, "set_piece": 4, "counter_attack": 0, "penalty": 0, "own_goal": 0}}, {"model": "PremierLeague.matchstatistic", "pk": 65, "fields": {"open_play": 9, "set_piece": 4, "counter_attack": 0, "penalty": 0, "own_goal": 0}}, {"model": "PremierLeague.matchstatistic", "pk": 66, "fields": {"open_play": 3, "set_piece": 2, "counter_attack": 0, "penalty": 0, "own_goal": 0}}, {"model": "PremierLeague.matchstatistic", "pk": 67, "fields": {"open_play": 4, "set_piece": 0, "counter_attack": 0, "penalty": 0, "own_goal": 0}}, {"model": "PremierLeague.matchstatistic", "pk": 68, "fields": {"open_play": 7, "set_piece": 4, "counter_attack": 3, "penalty": 0, "own_goal": 0}}, {"model": "PremierLeague.matchstatistic", "pk": 69, "fields": {"open_play": 8, "set_piece": 4, "counter_attack": 2, "penalty": 0, "own_goal": 0}}, {"model": "PremierLeague.matchstatistic", "pk": 70, "fields": {"open_play": 3, "set_piece": 6, "counter_attack": 1, "penalty": 0, "own_goal": 0}}, {"model": "PremierLeague.matchstatistic", "pk": 71, "fields": {"open_play": 6, "set_piece": 0, "counter_attack": 0, "penalty": 0, "own_goal": 0}}, {"model": "PremierLeague.matchstatistic", "pk": 72, "fields": {"open_play": 5, "set_piece": 1, "counter_attack": 0, "penalty": 0, "own_goal": 0}}, {"model": "PremierLeague.matchstatistic", "pk": 73, "fields": {"open_play": 3, "set_piece": 1, "counter_attack": 0, "penalty": 1, "own_goal": 0}}, {"model": "PremierLeague.matchstatistic", "pk": 74, "fields": {"open_play": 12, "set_piece": 8, "counter_attack": 1, "penalty": 1, "own_goal": 0}}, {"model": "PremierLeague.matchstatistic", "pk": 75, "fields": {"open_play": 15, "set_piece": 2, "counter_attack": 1, "penalty": 0, "own_goal": 0}}, {"model": "PremierLeague.matchstatistic", "pk": 76, "fields": {"open_play": 13, "set_piece": 1, "counter_attack": 0, "penalty": 0, "own_goal": 0}}, {"model": "PremierLeague.matchstatistic", "pk": 77, "fields": {"open_play": 9, "set_piece": 2, "counter_attack": 0, "penalty": 0, "own_goal": 0}}, {"model": "PremierLeague.matchstatistic", "pk": 78, "fields": {"open_play": 17, "set_piece": 5, "counter_attack": 0, "penalty": 0, "own_goal": 0}}, {"model": "PremierLeague.matchstatistic", "pk": 79, "fields": {"open_play": 8, "set_piece": 3, "counter_attack": 0, "penalty": 0, "own_goal": 0}}, {"model": "PremierLeague.matchstatistic", "pk": 80, "fields": {"open_play": 9, "set_piece": 4, "counter_attack": 0, "penalty": 0, "own_goal": 0}}, {"model": "PremierLeague.matchstatistic", "pk": 81, "fields": {"open_play": 11, "set_piece": 2, "counter_attack": 0, "penalty": 0, "own_goal": 0}}, {"model": "PremierLeague.matchstatistic", "pk": 82, "fields": {"open_play": 3, "set_piece": 8, "counter_attack": 0, "penalty": 0, "own_goal": 0}}, {"model": "PremierLeague.matchstatistic", "pk": 83, "fields": {"open_play": 5, "set_piece": 1, "counter_attack": 1, "penalty": 0, "own_goal": 1}}, {"model": "PremierLeague.matchstatistic", "pk": 84, "fields": {"open_play": 19, "set_piece": 6, "counter_attack": 2, "penalty": 1, "own_goal": 0}}, {"model": "PremierLeague.matchstatistic", "pk": 85, "fields": {"open_play": 7, "set_piece": 0, "counter_attack": 2, "penalty": 1, "own_goal": 0}}, {"model": "PremierLeague.matchstatistic", "pk": 86, "fields": {"open_play": 9, "set_piece": 5, "counter_attack": 0, "penalty": 1, "own_goal": 0}}, {"model": "PremierLeague.matchstatistic", "pk": 87, "fields": {"open_play": 0, "set_piece": 0, "counter_attack": 0, "penalty": 1, "own_goal": 0}}, {"model": "PremierLeague.matchstatistic", "pk": 88, "fields": {"open_play": 13, "set_piece": 7, "counter_attack": 0, "penalty": 0, "own_goal": 0}}, {"model": "PremierLeague.matchstatistic", "pk": 89, "fields": {"open_play": 9, "set_piece": 1, "counter_attack": 1, "penalty": 0, "own_goal": 0}}, {"model": "PremierLeague.matchstatistic", "pk": 90, "fields": {"open_play": 7, "set_piece": 6, "counter_attack": 0, "penalty": 0, "own_goal": 1}}, {"model": "PremierLeague.matchstatistic", "pk": 91, "fields": {"open_play": 7, "set_piece": 4, "counter_attack": 0, "penalty": 0, "own_goal": 0}}, {"model": "PremierLeague.matchstatistic", "pk": 92, "fields": {"open_play": 5, "set_piece": 5, "counter_attack": 0, "penalty": 0, "own_goal": 0}}, {"model": "PremierLeague.matchstatistic", "pk": 93, "fields": {"open_play": 5, "set_piece": 8, "counter_attack": 0, "penalty": 0, "own_goal": 0}}, {"model": "PremierLeague.matchstatistic", "pk": 94, "fields": {"open_play": 6, "set_piece": 3, "counter_attack": 0, "penalty": 0, "own_goal": 0}}, {"model": "PremierLeague.matchstatistic", "pk": 95, "fields": {"open_play": 9, "set_piece": 4, "counter_attack": 0, "penalty": 0, "own_goal": 0}}, {"model": "PremierLeague.matchstatistic", "pk": 96, "fields": {"open_play": 6, "set_piece": 1, "counter_attack": 0, "penalty": 0, "own_goal": 0}}, {"model": "PremierLeague.matchstatistic", "pk": 97, "fields": {"open_play": 11, "set_piece": 1, "counter_attack": 0, "penalty": 0, "own_goal": 0}}, {"model": "PremierLeague.matchstatistic", "pk": 98, "fields": {"open_play": 21, "set_piece": 5, "counter_attack": 1, "penalty": 0, "own_goal": 0}}, {"model": "PremierLeague.matchstatistic", "pk": 99, "fields": {"open_play": 5, "set_piece": 0, "counter_attack": 1, "penalty": 0, "own_goal": 0}}, {"model": "PremierLeague.matchstatistic", "pk": 100, "fields": {"open_play": 12, "set_piece": 2, "counter_attack": 0, "penalty": 0, "own_goal": 0}}, {"model": "PremierLeague.matchstatistic", "pk": 101, "fields": {"open_play": 11, "set_piece": 5, "counter_attack": 0, "penalty": 0, "own_goal": 0}}, {"model": "PremierLeague.matchstatistic", "pk": 102, "fields": {"open_play": 11, "set_piece": 2, "counter_attack": 1, "penalty": 0, "own_goal": 0}}, {"model": "PremierLeague.matchstatistic", "pk": 103, "fields": {"open_play": 9, "set_piece": 5, "counter_attack": 0, "penalty": 0, "own_goal": 0}}, {"model": "PremierLeague.matchstatistic", "pk": 104, "fields": {"open_play": 4, "set_piece": 2, "counter_attack": 0, "penalty": 0, "own_goal": 0}}, {"model": "PremierLeague.matchstatistic", "pk": 105, "fields": {"open_play": 11, "set_piece": 6, "counter_attack": 0, "penalty": 0, "own_goal": 0}}, {"model": "PremierLeague.matchstatistic", "pk": 106, "fields": {"open_play": 11, "set_piece": 1, "counter_attack": 0, "penalty": 1, "own_goal": 0}}, {"model": "PremierLeague.matchstatistic", "pk": 107, "fields": {"open_play": 11, "set_piece": 2, "counter_attack": 0, "penalty": 0, "own_goal": 0}}, {"model": "PremierLeague.matchstatistic", "pk": 108, "fields": {"open_play": 3, "set_piece": 3, "counter_attack": 0, "penalty": 0, "own_goal": 0}}, {"model": "PremierLeague.matchstatistic", "pk": 109, "fields": {"open_play": 14, "set_piece": 2, "counter_attack": 0, "penalty": 0, "own_goal": 0}}, {"model": "PremierLeague.matchstatistic", "pk": 110, "fields": {"open_play": 4, "set_piece": 1, "counter_attack": 0, "penalty": 0, "own_goal": 0}}, {"model": "PremierLeague.matchstatistic", "pk": 111, "fields": {"open_play": 7, "set_piece": 5, "counter_attack": 0, "penalty": 0, "own_goal": 0}}, {"model": "PremierLeague.matchstatistic", "pk": 112, "fields": {"open_play": 5, "set_piece": 1, "counter_attack": 0, "penalty": 0, "own_goal": 0}}, {"model": "PremierLeague.matchstatistic", "pk": 113, "fields": {"open_play": 4, "set_piece": 1, "counter_attack": 0, "penalty": 0, "own_goal": 1}}, {"model": "PremierLeague.matchstatistic", "pk": 114, "fields": {"open_play": 8, "set_piece": 1, "counter_attack": 0, "penalty": 0, "own_goal": 0}}, {"model": "PremierLeague.matchstatistic", "pk": 115, "fields": {"open_play": 10, "set_piece": 3, "counter_attack": 0, "penalty": 0, "own_goal": 0}}, {"model": "PremierLeague.matchstatistic", "pk": 116, "fields": {"open_play": 5, "set_piece": 3, "counter_attack": 1, "penalty": 0, "own_goal": 0}}, {"model": "PremierLeague.matchstatistic", "pk": 117, "fields": {"open_play": 11, "set_piece": 3, "counter_attack": 1, "penalty": 0, "own_goal": 0}}, {"model": "PremierLeague.matchstatistic", "pk": 118, "fields": {"open_play": 7, "set_piece": 4, "counter_attack": 0, "penalty": 0, "own_goal": 0}}, {"model": "PremierLeague.matchstatistic", "pk": 119, "fields": {"open_play": 2, "set_piece": 0, "counter_attack": 1, "penalty": 0, "own_goal": 0}}, {"model": "PremierLeague.matchstatistic", "pk": 120, "fields": {"open_play": 12, "set_piece": 4, "counter_attack": 0, "penalty": 0, "own_goal": 0}}, {"model": "PremierLeague.matchstatistic", "pk": 121, "fields": {"open_play": 4, "set_piece": 1, "counter_attack": 0, "penalty": 0, "own_goal": 0}}, {"model": "PremierLeague.matchstatistic", "pk": 122, "fields": {"open_play": 9, "set_piece": 5, "counter_attack": 0, "penalty": 0, "own_goal": 0}}, {"model": "PremierLeague.matchstatistic", "pk": 123, "fields": {"open_play": 6, "set_piece": 2, "counter_attack": 0, "penalty": 1, "own_goal": 0}}, {"model": "PremierLeague.matchstatistic", "pk": 124, "fields": {"open_play": 3, "set_piece": 1, "counter_attack": 0, "penalty": 0, "own_goal": 0}}, {"model": "PremierLeague.match", "pk": 1, "fields": {"home_team": 18, "away_team": 8, "result": 1, "match_time": "2020-09-12T12:30:00Z", "home_team_statistic": 1, "away_team_statistic": 2}}, {"model": "PremierLeague.match", "pk": 2, "fields": {"home_team": 14, "away_team": 15, "result": 2, "match_time": "2020-09-12T15:00:00Z", "home_team_statistic": 3, "away_team_statistic": 4}}, {"model": "PremierLeague.match", "pk": 3, "fields": {"home_team": 3, "away_team": 9, "result": 3, "match_time": "2020-09-12T17:30:00Z", "home_team_statistic": 5, "away_team_statistic": 6}}, {"model": "PremierLeague.match", "pk": 4, "fields": {"home_team": 6, "away_team": 12, "result": 4, "match_time": "2020-09-12T20:00:00Z", "home_team_statistic": 7, "away_team_statistic": 8}}, {"model": "PremierLeague.match", "pk": 5, "fields": {"home_team": 19, "away_team": 5, "result": 5, "match_time": "2020-09-13T14:00:00Z", "home_team_statistic": 9, "away_team_statistic": 10}}, {"model": "PremierLeague.match", "pk": 6, "fields": {"home_team": 7, "away_team": 10, "result": 6, "match_time": "2020-09-13T16:30:00Z", "home_team_statistic": 11, "away_team_statistic": 12}}, {"model": "PremierLeague.match", "pk": 7, "fields": {"home_team": 20, "away_team": 13, "result": 7, "match_time": "2020-09-14T18:00:00Z", "home_team_statistic": 13, "away_team_statistic": 14}}, {"model": "PremierLeague.match", "pk": 8, "fields": {"home_team": 16, "away_team": 4, "result": 8, "match_time": "2020-09-14T20:15:00Z", "home_team_statistic": 15, "away_team_statistic": 16}}, {"model": "PremierLeague.match", "pk": 9, "fields": {"home_team": 10, "away_team": 19, "result": 9, "match_time": "2020-09-19T12:30:00Z", "home_team_statistic": 17, "away_team_statistic": 18}}, {"model": "PremierLeague.match", "pk": 10, "fields": {"home_team": 9, "away_team": 18, "result": 10, "match_time": "2020-09-19T15:00:00Z", "home_team_statistic": 19, "away_team_statistic": 20}}, {"model": "PremierLeague.match", "pk": 11, "fields": {"home_team": 2, "away_team": 14, "result": 11, "match_time": "2020-09-19T17:30:00Z", "home_team_statistic": 21, "away_team_statistic": 22}}, {"model": "PremierLeague.match", "pk": 12, "fields": {"home_team": 8, "away_team": 6, "result": 12, "match_time": "2020-09-19T20:00:00Z", "home_team_statistic": 23, "away_team_statistic": 24}}, {"model": "PremierLeague.match", "pk": 13, "fields": {"home_team": 15, "away_team": 7, "result": 13, "match_time": "2020-09-20T12:00:00Z", "home_team_statistic": 25, "away_team_statistic": 26}}, {"model": "PremierLeague.match", "pk": 14, "fields": {"home_team": 12, "away_team": 16, "result": 14, "match_time": "2020-09-20T14:00:00Z", "home_team_statistic": 27, "away_team_statistic": 28}}, {"model": "PremierLeague.match", "pk": 15, "fields": {"home_team": 4, "away_team": 3, "result": 15, "match_time": "2020-09-20T16:30:00Z", "home_team_statistic": 29, "away_team_statistic": 30}}, {"model": "PremierLeague.match", "pk": 16, "fields": {"home_team": 5, "away_team": 17, "result": 16, "match_time": "2020-09-20T19:00:00Z", "home_team_statistic": 31, "away_team_statistic": 32}}, {"model": "PremierLeague.match", "pk": 17, "fields": {"home_team": 11, "away_team": 20, "result": 17, "match_time": "2020-09-21T18:00:00Z", "home_team_statistic": 33, "away_team_statistic": 34}}, {"model": "PremierLeague.match", "pk": 18, "fields": {"home_team": 13, "away_team": 1, "result": 18, "match_time": "2020-09-21T20:15:00Z", "home_team_statistic": 35, "away_team_statistic": 36}}, {"model": "PremierLeague.match", "pk": 19, "fields": {"home_team": 16, "away_team": 2, "result": 19, "match_time": "2020-09-26T12:30:00Z", "home_team_statistic": 37, "away_team_statistic": 38}}, {"model": "PremierLeague.match", "pk": 20, "fields": {"home_team": 14, "away_team": 10, "result": 20, "match_time": "2020-09-26T15:00:00Z", "home_team_statistic": 39, "away_team_statistic": 40}}, {"model": "PremierLeague.match", "pk": 21, "fields": {"home_team": 19, "away_team": 4, "result": 21, "match_time": "2020-09-26T17:30:00Z", "home_team_statistic": 41, "away_team_statistic": 42}}, {"model": "PremierLeague.match", "pk": 22, "fields": {"home_team": 17, "away_team": 15, "result": 22, "match_time": "2020-09-26T20:00:00Z", "home_team_statistic": 43, "away_team_statistic": 44}}, {"model": "PremierLeague.match", "pk": 23, "fields": {"home_team": 20, "away_team": 9, "result": 23, "match_time": "2020-09-27T12:00:00Z", "home_team_statistic": 45, "away_team_statistic": 46}}, {"model": "PremierLeague.match", "pk": 24, "fields": {"home_team": 7, "away_team": 12, "result": 24, "match_time": "2020-09-27T14:00:00Z", "home_team_statistic": 47, "away_team_statistic": 48}}, {"model": "PremierLeague.match", "pk": 25, "fields": {"home_team": 1, "away_team": 5, "result": 25, "match_time": "2020-09-27T16:30:00Z", "home_team_statistic": 49, "away_team_statistic": 50}}, {"model": "PremierLeague.match", "pk": 26, "fields": {"home_team": 6, "away_team": 13, "result": 26, "match_time": "2020-09-27T19:00:00Z", "home_team_statistic": 51, "away_team_statistic": 52}}, {"model": "PremierLeague.match", "pk": 27, "fields": {"home_team": 18, "away_team": 11, "result": 27, "match_time": "2020-09-28T17:45:00Z", "home_team_statistic": 53, "away_team_statistic": 54}}, {"model": "PremierLeague.match", "pk": 28, "fields": {"home_team": 3, "away_team": 8, "result": 28, "match_time": "2020-09-28T20:00:00Z", "home_team_statistic": 55, "away_team_statistic": 56}}, {"model": "PremierLeague.match", "pk": 29, "fields": {"home_team": 4, "away_team": 14, "result": 29, "match_time": "2020-10-03T12:30:00Z", "home_team_statistic": 57, "away_team_statistic": 58}}, {"model": "PremierLeague.match", "pk": 30, "fields": {"home_team": 10, "away_team": 16, "result": 30, "match_time": "2020-10-03T15:00:00Z", "home_team_statistic": 59, "away_team_statistic": 60}}, {"model": "PremierLeague.match", "pk": 31, "fields": {"home_team": 9, "away_team": 1, "result": 31, "match_time": "2020-10-03T17:30:00Z", "home_team_statistic": 61, "away_team_statistic": 62}}, {"model": "PremierLeague.match", "pk": 32, "fields": {"home_team": 12, "away_team": 17, "result": 32, "match_time": "2020-10-03T20:00:00Z", "home_team_statistic": 63, "away_team_statistic": 64}}, {"model": "PremierLeague.match", "pk": 33, "fields": {"home_team": 15, "away_team": 19, "result": 33, "match_time": "2020-10-04T12:00:00Z", "home_team_statistic": 65, "away_team_statistic": 66}}, {"model": "PremierLeague.match", "pk": 34, "fields": {"home_team": 5, "away_team": 6, "result": 34, "match_time": "2020-10-04T12:00:00Z", "home_team_statistic": 67, "away_team_statistic": 68}}, {"model": "PremierLeague.match", "pk": 35, "fields": {"home_team": 13, "away_team": 18, "result": 35, "match_time": "2020-10-04T14:00:00Z", "home_team_statistic": 69, "away_team_statistic": 70}}, {"model": "PremierLeague.match", "pk": 36, "fields": {"home_team": 8, "away_team": 20, "result": 36, "match_time": "2020-10-04T14:00:00Z", "home_team_statistic": 71, "away_team_statistic": 72}}, {"model": "PremierLeague.match", "pk": 37, "fields": {"home_team": 2, "away_team": 7, "result": 37, "match_time": "2020-10-04T16:30:00Z", "home_team_statistic": 73, "away_team_statistic": 74}}, {"model": "PremierLeague.match", "pk": 38, "fields": {"home_team": 11, "away_team": 3, "result": 38, "match_time": "2020-10-04T19:15:00Z", "home_team_statistic": 75, "away_team_statistic": 76}}, {"model": "PremierLeague.match", "pk": 39, "fields": {"home_team": 10, "away_team": 3, "result": 39, "match_time": "2020-10-17T12:30:00Z", "home_team_statistic": 77, "away_team_statistic": 78}}, {"model": "PremierLeague.match", "pk": 40, "fields": {"home_team": 4, "away_team": 15, "result": 40, "match_time": "2020-10-17T15:00:00Z", "home_team_statistic": 79, "away_team_statistic": 80}}, {"model": "PremierLeague.match", "pk": 41, "fields": {"home_team": 1, "away_team": 8, "result": 41, "match_time": "2020-10-17T17:30:00Z", "home_team_statistic": 81, "away_team_statistic": 82}}, {"model": "PremierLeague.match", "pk": 42, "fields": {"home_team": 12, "away_team": 2, "result": 42, "match_time": "2020-10-17T20:00:00Z", "home_team_statistic": 83, "away_team_statistic": 84}}, {"model": "PremierLeague.match", "pk": 43, "fields": {"home_team": 20, "away_team": 18, "result": 43, "match_time": "2020-10-18T12:00:00Z", "home_team_statistic": 85, "away_team_statistic": 86}}, {"model": "PremierLeague.match", "pk": 44, "fields": {"home_team": 14, "away_team": 16, "result": 44, "match_time": "2020-10-18T14:00:00Z", "home_team_statistic": 87, "away_team_statistic": 88}}, {"model": "PremierLeague.match", "pk": 45, "fields": {"home_team": 7, "away_team": 6, "result": 45, "match_time": "2020-10-18T16:30:00Z", "home_team_statistic": 89, "away_team_statistic": 90}}, {"model": "PremierLeague.match", "pk": 46, "fields": {"home_team": 5, "away_team": 11, "result": 46, "match_time": "2020-10-18T19:15:00Z", "home_team_statistic": 91, "away_team_statistic": 92}}, {"model": "PremierLeague.match", "pk": 47, "fields": {"home_team": 19, "away_team": 17, "result": 47, "match_time": "2020-10-19T17:30:00Z", "home_team_statistic": 93, "away_team_statistic": 94}}, {"model": "PremierLeague.match", "pk": 48, "fields": {"home_team": 9, "away_team": 13, "result": 48, "match_time": "2020-10-19T20:00:00Z", "home_team_statistic": 95, "away_team_statistic": 96}}, {"model": "PremierLeague.match", "pk": 49, "fields": {"home_team": 11, "away_team": 9, "result": 49, "match_time": "2020-10-23T20:00:00Z", "home_team_statistic": 97, "away_team_statistic": 98}}, {"model": "PremierLeague.match", "pk": 50, "fields": {"home_team": 6, "away_team": 1, "result": 50, "match_time": "2020-10-24T12:30:00Z", "home_team_statistic": 99, "away_team_statistic": 100}}, {"model": "PremierLeague.match", "pk": 51, "fields": {"home_team": 18, "away_team": 14, "result": 51, "match_time": "2020-10-24T15:00:00Z", "home_team_statistic": 101, "away_team_statistic": 102}}, {"model": "PremierLeague.match", "pk": 52, "fields": {"home_team": 2, "away_team": 4, "result": 52, "match_time": "2020-10-24T17:30:00Z", "home_team_statistic": 103, "away_team_statistic": 104}}, {"model": "PremierLeague.match", "pk": 53, "fields": {"home_team": 3, "away_team": 20, "result": 53, "match_time": "2020-10-24T20:00:00Z", "home_team_statistic": 105, "away_team_statistic": 106}}, {"model": "PremierLeague.match", "pk": 54, "fields": {"home_team": 15, "away_team": 10, "result": 54, "match_time": "2020-10-25T14:00:00Z", "home_team_statistic": 107, "away_team_statistic": 108}}, {"model": "PremierLeague.match", "pk": 55, "fields": {"home_team": 13, "away_team": 12, "result": 55, "match_time": "2020-10-25T16:30:00Z", "home_team_statistic": 109, "away_team_statistic": 110}}, {"model": "PremierLeague.match", "pk": 56, "fields": {"home_team": 8, "away_team": 5, "result": 56, "match_time": "2020-10-25T19:15:00Z", "home_team_statistic": 111, "away_team_statistic": 112}}, {"model": "PremierLeague.match", "pk": 57, "fields": {"home_team": 16, "away_team": 19, "result": 57, "match_time": "2020-10-26T17:30:00Z", "home_team_statistic": 113, "away_team_statistic": 114}}, {"model": "PremierLeague.match", "pk": 58, "fields": {"home_team": 17, "away_team": 7, "result": 58, "match_time": "2020-10-26T20:00:00Z", "home_team_statistic": 115, "away_team_statistic": 116}}, {"model": "PremierLeague.match", "pk": 59, "fields": {"home_team": 13, "away_team": 14, "result": 59, "match_time": "2020-10-30T20:00:00Z", "home_team_statistic": 117, "away_team_statistic": 118}}, {"model": "PremierLeague.match", "pk": 60, "fields": {"home_team": 20, "away_team": 1, "result": 60, "match_time": "2020-10-31T12:30:00Z", "home_team_statistic": 119, "away_team_statistic": 120}}, {"model": "PremierLeague.match", "pk": 61, "fields": {"home_team": 17, "away_team": 4, "result": 61, "match_time": "2020-10-31T15:00:00Z", "home_team_statistic": 121, "away_team_statistic": 122}}, {"model": "PremierLeague.match", "pk": 62, "fields": {"home_team": 3, "away_team": 6, "result": 62, "match_time": "2020-10-31T17:30:00Z", "home_team_statistic": 123, "away_team_statistic": 124}}]